id,target,prediction
JVASP-104154,-2.5420498847961426,-2.5257418155670166
JVASP-26193,-2.806149959564209,-2.781550645828247
JVASP-86579,-1.5010099411010742,-1.4944452047348022
JVASP-41798,-2.9574201107025146,-2.9483301639556885
JVASP-23321,-0.024410000070929527,-0.015064351260662079
