id,target,prediction
JVASP-57496,-2.1140899658203125,-2.1094930171966553
JVASP-88067,-1.6823500394821167,-1.676590085029602
JVASP-32228,-1.4112999439239502,-1.4047857522964478
JVASP-11489,-0.7383999824523926,-0.7241448760032654
JVASP-55752,-2.5002799034118652,-2.4991815090179443
