id,target,prediction
JVASP-55209,-1.246340036392212,-1.2578012943267822
JVASP-7821,-1.2619600296020508,-1.2721009254455566
JVASP-24674,-1.2767900228500366,-1.2853914499282837
JVASP-118459,-0.5485000014305115,-0.5382272601127625
JVASP-10879,-0.23531000316143036,-0.2389814555644989
