id,target,prediction
JVASP-55209,-0.5485000014305115,-0.5369205474853516
JVASP-7821,-1.2767900228500366,-1.2838376760482788
JVASP-24674,-1.246340036392212,-1.255699872970581
JVASP-118459,-1.2619600296020508,-1.2711955308914185
JVASP-10879,-0.23531000316143036,-0.2385762333869934
