id,target,prediction
JVASP-1645,-0.4893200099468231,-0.49535712599754333
JVASP-7127,-0.764930009841919,-0.7777866125106812
JVASP-118841,-1.200760006904602,-1.204567551612854
JVASP-119224,-1.2221800088882446,-1.2255223989486694
JVASP-53122,1.9366099834442139,1.931949496269226
