id,target,prediction
JVASP-30725,-1.8909900188446045,-1.8854056596755981
JVASP-50783,-2.407409906387329,-2.3820078372955322
JVASP-121222,-2.0017099380493164,-1.9840151071548462
JVASP-49673,-0.9376400113105774,-0.9303019046783447
JVASP-117063,-1.6642299890518188,-1.6632647514343262
