id,target,prediction
JVASP-95287,-0.38999998569488525,-0.3986743092536926
JVASP-98512,-2.343100070953369,-2.345742702484131
JVASP-99769,-2.4288899898529053,-2.401867151260376
JVASP-48326,-2.0241799354553223,-2.0257816314697266
JVASP-50071,-2.570240020751953,-2.5814433097839355
