id,target,prediction
JVASP-30725,-1.6642299890518188,-1.6790333986282349
JVASP-50783,-1.8909900188446045,-1.9180153608322144
JVASP-121222,-2.407409906387329,-2.4272658824920654
JVASP-49673,-2.0017099380493164,-2.025096893310547
JVASP-117063,-0.9376400113105774,-0.9519021511077881
