id,target,prediction
JVASP-15086,-0.6659200191497803,-0.6596406698226929
JVASP-55211,2.5198299884796143,2.5270891189575195
JVASP-85236,-2.154680013656616,-2.1555604934692383
JVASP-118914,0.31360000371932983,0.3209197521209717
JVASP-117927,-0.18807999789714813,-0.17951864004135132
