id,target,prediction
JVASP-104154,-2.9574201107025146,-2.948460340499878
JVASP-26193,-0.024410000070929527,-0.015080854296684265
JVASP-86579,-1.5010099411010742,-1.4945449829101562
JVASP-41798,-2.5420498847961426,-2.5258800983428955
JVASP-23321,-2.806149959564209,-2.781688928604126
