id,target,prediction
JVASP-76272,-0.8240100145339966,-0.8876523971557617
JVASP-93373,-1.1116399765014648,-1.1836974620819092
JVASP-118360,-1.3820099830627441,-1.4575486183166504
JVASP-92574,1.6558500528335571,1.6035794019699097
JVASP-63743,0.16175000369548798,0.11727848649024963
