id,target,prediction
JVASP-95287,-2.0241799354553223,-2.0239834785461426
JVASP-98512,-2.4288899898529053,-2.399717330932617
JVASP-99769,-0.38999998569488525,-0.39822331070899963
JVASP-48326,-2.343100070953369,-2.3433027267456055
JVASP-50071,-2.570240020751953,-2.5797243118286133
