id,target,prediction
JVASP-1645,1.9366099834442139,1.9232581853866577
JVASP-7127,-0.4893200099468231,-0.5255123376846313
JVASP-118841,-0.764930009841919,-0.8059309124946594
JVASP-119224,-1.200760006904602,-1.2425408363342285
JVASP-53122,-1.2221800088882446,-1.2659989595413208
