id,target,prediction
JVASP-76272,-1.1116399765014648,-1.1136081218719482
JVASP-93373,0.16175000369548798,0.18380844593048096
JVASP-118360,1.6558500528335571,1.6559864282608032
JVASP-92574,-1.3820099830627441,-1.3846982717514038
JVASP-63743,-0.8240100145339966,-0.8194553256034851
