id,target,prediction
JVASP-34216,-2.637969970703125,-2.627960205078125
JVASP-44637,-3.05787992477417,-3.0341835021972656
JVASP-88736,-2.2942399978637695,-2.272000312805176
JVASP-116414,-3.0032598972320557,-2.980694532394409
JVASP-42840,-1.549630045890808,-1.532074213027954
