id,target,prediction
JVASP-57496,-2.5002799034118652,-2.5019705295562744
JVASP-88067,-1.4112999439239502,-1.4060382843017578
JVASP-32228,-0.7383999824523926,-0.7255866527557373
JVASP-11489,-2.1140899658203125,-2.1109461784362793
JVASP-55752,-1.6823500394821167,-1.67824387550354
