id,target,prediction
JVASP-95287,-2.570240020751953,-2.581352710723877
JVASP-98512,-2.4288899898529053,-2.401754379272461
JVASP-99769,-2.0241799354553223,-2.0256869792938232
JVASP-48326,-2.343100070953369,-2.345614433288574
JVASP-50071,-0.38999998569488525,-0.3986506164073944
