id,target,prediction
JVASP-104154,-1.5010099411010742,-1.496345043182373
JVASP-26193,-2.806149959564209,-2.7841756343841553
JVASP-86579,-0.024410000070929527,-0.015378370881080627
JVASP-41798,-2.9574201107025146,-2.9508025646209717
JVASP-23321,-2.5420498847961426,-2.5283703804016113
