id,target,prediction
JVASP-34216,-2.637969970703125,-2.6265199184417725
JVASP-44637,-3.0032598972320557,-2.978234052658081
JVASP-88736,-3.05787992477417,-3.031855821609497
JVASP-116414,-2.2942399978637695,-2.2689597606658936
JVASP-42840,-1.549630045890808,-1.5301076173782349
