id,target,prediction
JVASP-115476,3.3838300704956055,3.3858280181884766
JVASP-9720,-0.41892001032829285,-0.4144752025604248
JVASP-114924,1.4588700532913208,1.0938118696212769
JVASP-116053,-1.5721499919891357,-1.5717934370040894
JVASP-120007,-0.5084499716758728,-0.5067639350891113
