id,target,prediction
JVASP-1645,-0.764930009841919,-0.7791411876678467
JVASP-7127,-1.200760006904602,-1.2053200006484985
JVASP-118841,-1.2221800088882446,-1.2255563735961914
JVASP-119224,1.9366099834442139,1.9300408363342285
JVASP-53122,-0.4893200099468231,-0.496192067861557
