id,target,prediction
JVASP-34216,-1.549630045890808,-1.4922807216644287
JVASP-44637,-3.0032598972320557,-2.955540895462036
JVASP-88736,-2.637969970703125,-2.59712553024292
JVASP-116414,-3.05787992477417,-3.013056516647339
JVASP-42840,-2.2942399978637695,-2.2423160076141357
