id,target,prediction
JVASP-15086,-0.18807999789714813,-0.17811144888401031
JVASP-55211,2.5198299884796143,2.5256028175354004
JVASP-85236,-0.6659200191497803,-0.6604509949684143
JVASP-118914,0.31360000371932983,0.32253772020339966
JVASP-117927,-2.154680013656616,-2.1571998596191406
