id,target,prediction
JVASP-115476,3.3838300704956055,3.3820762634277344
JVASP-9720,-1.5721499919891357,-1.572568655014038
JVASP-114924,-0.41892001032829285,-0.41600221395492554
JVASP-116053,1.4588700532913208,1.0918335914611816
JVASP-120007,-0.5084499716758728,-0.5060827136039734
