id,target,prediction
JVASP-55209,-0.23531000316143036,-0.2389601767063141
JVASP-7821,-1.2767900228500366,-1.2853097915649414
JVASP-24674,-0.5485000014305115,-0.5381585359573364
JVASP-118459,-1.2619600296020508,-1.2720531225204468
JVASP-10879,-1.246340036392212,-1.2576905488967896
