id,target,prediction
JVASP-76272,-0.8240100145339966,-0.8183394074440002
JVASP-93373,1.6558500528335571,1.6576131582260132
JVASP-118360,-1.3820099830627441,-1.3822704553604126
JVASP-92574,-1.1116399765014648,-1.1117205619812012
JVASP-63743,0.16175000369548798,0.1834532618522644
