id,target,prediction
JVASP-30725,-0.9376400113105774,-0.9162927865982056
JVASP-50783,-1.6642299890518188,-1.6449463367462158
JVASP-121222,-1.8909900188446045,-1.8738573789596558
JVASP-49673,-2.407409906387329,-2.3801164627075195
JVASP-117063,-2.0017099380493164,-1.978731393814087
