id,target,prediction
JVASP-115476,-0.5084499716758728,-0.5998179912567139
JVASP-9720,-1.5721499919891357,-1.686965823173523
JVASP-114924,3.3838300704956055,3.31588077545166
JVASP-116053,-0.41892001032829285,-0.5101191401481628
JVASP-120007,1.4588700532913208,1.009291410446167
