id,target,prediction
JVASP-15086,0.31360000371932983,0.3224526047706604
JVASP-55211,-2.154680013656616,-2.157113552093506
JVASP-85236,-0.6659200191497803,-0.6604083776473999
JVASP-118914,-0.18807999789714813,-0.17818543314933777
JVASP-117927,2.5198299884796143,2.5256805419921875
