id,target,prediction
JVASP-57496,-2.5002799034118652,-2.4972074031829834
JVASP-88067,-2.1140899658203125,-2.110844612121582
JVASP-32228,-0.7383999824523926,-0.7187276482582092
JVASP-11489,-1.4112999439239502,-1.4015337228775024
JVASP-55752,-1.6823500394821167,-1.6717450618743896
